date, NIFTY, Sp, DJIA, NASDAQ, NIKKI, KOSPI, Hangseng, FTSE, GDAX, STOCKHOLM
1/2/2020 15:30:00,12282.2,3257.85,28868.8,9092.19,23204.86,2176.46,28451.5,7604.3,13385.93,1808.63
1/3/2020 15:30:00,12226.65,3234.85,28634.88,9020.77,23204.86,2155.07,28226.19,7622.4,13219.14,1785.23
1/7/2020 15:30:00,12052.95,3237.18,28583.68,9068.58,23204.76,2151.31,28087.92,7573.85,13226.83,1796.85
1/8/2020 15:30:00,12025.35,3253.05,28745.09,9129.24,23739.87,2186.45,28561,7574.93,13320.18,1795.41
1/9/2020 15:30:00,12215.9,3274.7,28956.9,9203.43,23850.57,2206.39,28638.2,7598.12,13495.06,1796.73
1/10/2020 15:30:00,12256.8,3265.35,28823.77,9178.86,24025.17,2229.26,28954.94,7587.85,13483.31,1784.97
1/15/2020 15:30:00,12343.3,3289.29,29030.22,9258.7,23933.13,2248.05,28883.04,7642.8,13432.3,1787.29
1/16/2020 15:30:00,12355.5,3316.81,29297.64,9357.13,24041.26,2250.57,29056.42,7609.81,13429.43,1812.3
1/17/2020 15:30:00,12352.35,3329.62,29348.1,9388.94,24083.51,2262.64,28795.91,7674.56,13526.13,1825.94
1/20/2020 15:30:00,12224.55,3320.79,29196.04,9370.81,23864.56,2239.69,27985.33,7651.44,13548.94,1825.62
1/21/2020 15:30:00,12169.85,3320.79,29196.04,9370.81,24031.35,2267.25,28341.04,7610.7,13555.87,1825.62
1/23/2020 15:30:00,12180.35,3325.54,29160.09,9402.48,23827.18,2176.72,27949.64,7507.67,13388.42,1795.43
1/24/2020 15:30:00,12248.25,3295.47,28989.73,9314.91,23343.51,2176.72,27160.63,7585.98,13576.68,1812.85
1/27/2020 15:30:00,12119,3243.63,28535.8,9139.31,23215.71,2176.72,27160.63,7412.05,13204.77,1771.48
1/28/2020 15:30:00,12055.8,3276.24,28722.85,9269.68,23379.4,2185.28,27160.63,7480.69,13323.69,1786.35
1/29/2020 15:30:00,12129.5,3273.4,28734.45,9275.16,22977.75,2148,26449.13,7483.57,13345,1791.67
1/30/2020 15:30:00,12035.8,3283.66,28859.44,9298.93,23205.18,2119.01,26312.63,7381.96,13157.12,1787.96
1/31/2020 15:30:00,11962.1,3225.52,28256.03,9150.94,22971.94,2118.88,26356.98,7286.01,12981.97,1783.26
2/1/2020 17:00:00,11641.25,3248.92,28399.81,9273.4,22971.94,2118.88,26356.98,7326.31,13045.19,1782.91
2/3/2020 15:30:00,11707.9,3248.92,28399.81,9273.4,23084.59,2157.9,26675.98,7326.31,13045.19,1782.91
2/4/2020 15:30:00,11979.65,3297.59,28807.63,9467.97,23319.56,2165.63,26786.74,7439.82,13281.74,1821.04
2/6/2020 15:30:00,12137.95,3345.78,29379.77,9572.15,23827.98,2211.95,27404.27,7504.79,13574.82,1851.95
2/7/2020 15:30:00,12098.35,3327.71,29102.51,9520.51,23685.98,2201.07,27241.34,7466.7,13513.81,1849.86
2/10/2020 15:30:00,12031.5,3352.09,29276.82,9628.39,23861.21,2223.12,27583.88,7446.88,13494.03,1858
2/11/2020 15:30:00,12107.9,3357.75,29276.34,9638.94,23861.21,2238.38,27823.66,7499.44,13627.84,1884.13
2/12/2020 15:30:00,12201.2,3379.45,29551.42,9725.96,23827.73,2232.96,27730,7534.37,13749.78,1889.75
2/13/2020 15:30:00,12174.65,3373.94,29423.31,9711.97,23687.59,2243.59,27815.6,7452.03,13745.43,1883.02
2/14/2020 15:30:00,12113.45,3380.16,29398.08,9731.18,23523.24,2242.17,27959.6,7409.13,13744.21,1885.62
2/17/2020 15:30:00,12045.8,3370.29,29232.19,9732.74,23193.8,2208.88,27530.2,7433.25,13783.89,1878.79
2/18/2020 15:30:00,11992.5,3370.29,29232.19,9732.74,23400.7,2210.34,27655.81,7382.01,13681.19,1878.79
2/19/2020 15:30:00,12125.9,3386.15,29348.03,9817.18,23479.15,2195.5,27609.16,7457.02,13789,1900.28
2/20/2020 15:30:00,12080.85,3373.23,29219.98,9750.97,23386.74,2162.84,27308.81,7436.64,13664,1898.93
2/25/2020 15:30:00,11797.9,3128.21,27081.36,8965.61,22426.19,2076.77,26696.49,7017.88,12790.49,1769.14
2/26/2020 15:30:00,11678.5,3116.39,26957.59,8980.78,21948.23,2054.89,26778.62,7042.47,12774.88,1782.1
2/27/2020 15:30:00,11633.3,2978.76,25766.64,8566.48,21142.96,1987.01,26129.93,6796.4,12367.46,1721.59
2/28/2020 15:30:00,11201.75,2954.22,25409.36,8567.37,21344.08,2002.51,26291.68,6580.61,11890.35,1668.84
3/2/2020 15:30:00,11132.75,3090.23,26703.32,8952.17,21082.73,2014.15,26284.82,6654.89,11857.87,1679.13
3/3/2020 15:30:00,11303.3,3003.37,25917.41,8684.09,21100.06,2059.33,26222.07,6718.2,11985.39,1694.56
3/6/2020 15:30:00,10989.45,2972.37,25864.78,8575.62,19698.76,1954.77,25040.46,6462.55,11541.87,1629
3/9/2020 15:30:00,10451.45,2746.56,23851.02,7950.68,19867.12,1962.93,25392.51,5965.77,10625.02,1542.44
3/11/2020 15:30:00,10458.4,2741.38,23553.22,7952.05,18559.63,1834.33,24309.07,5876.52,10438.68,1511.96
3/12/2020 15:30:00,9590.15,2480.64,21200.62,7201.8,17431.05,1771.44,24032.91,5237.48,9161.13,1352.13
3/13/2020 15:30:00,9955.2,2711.02,23185.62,7874.88,17002.04,1714.86,23063.57,5366.11,9232.08,1376.46
3/16/2020 15:30:00,9197.4,2386.13,20188.52,6904.59,17011.53,1672.44,23263.73,5151.08,8742.25,1329.16
3/17/2020 15:30:00,8967.05,2529.19,21237.38,7334.78,16726.55,1591.2,22291.82,5294.9,8939.1,1372.79
3/18/2020 15:30:00,8468.8,2398.1,19898.92,6989.84,16552.83,1457.64,21709.13,5080.58,8441.71,1337.24
3/19/2020 15:30:00,8263.45,2409.39,20087.19,7150.58,16887.78,1566.15,22805.07,5151.61,8610.43,1380.58
3/20/2020 15:30:00,8745.45,2304.92,19173.98,6879.52,16887.78,1482.46,21696.13,5190.78,8928.95,1355.54
3/25/2020 15:30:00,8317.85,2475.56,21200.55,7384.3,18664.6,1686.24,23352.34,5688.2,9874.26,1446.56
3/26/2020 15:30:00,8641.45,2630.07,22552.17,7797.54,19389.43,1717.73,23484.28,5815.73,10000.96,1470.89
3/27/2020 15:30:00,8660.25,2541.47,21636.78,7502.38,19084.97,1717.12,23175.11,5510.33,9632.52,1419.29
3/30/2020 15:30:00,8281.1,2626.65,22327.48,7774.15,18917.01,1754.64,23603.48,5563.74,9815.97,1449.2
3/31/2020 15:30:00,8597.75,2584.59,21917.16,7700.1,18065.41,1685.46,23085.79,5671.96,9935.84,1482.43
4/1/2020 15:30:00,8253.8,2470.5,20943.51,7360.58,17818.72,1724.86,23280.06,5454.57,9544.75,1425.99
4/3/2020 15:30:00,8083.8,2488.65,21052.53,7373.08,18576.3,1791.88,23749.12,5415.5,9525.77,1404.59
4/7/2020 15:30:00,8792.2,2659.41,22653.86,7887.26,19353.24,1807.14,23970.37,5704.45,10356.7,1510.85
4/15/2020 15:30:00,8925.3,2783.36,23504.35,8393.18,19290.2,1857.07,24006.45,5597.65,10279.76,1480.6
4/16/2020 15:30:00,8992.8,2799.55,23537.68,8532.36,19897.26,1914.53,24380,5628.43,10301.54,1483.79
4/17/2020 15:30:00,9266.75,2874.56,24242.49,8650.14,19669.12,1898.36,24330.02,5786.96,10625.78,1534.55
4/20/2020 15:30:00,9261.85,2823.16,23650.44,8560.73,19280.78,1879.38,23793.55,5812.83,10675.9,1541.17
4/21/2020 15:30:00,8981.45,2736.56,23018.88,8263.23,19137.95,1896.15,23893.36,5641.03,10249.85,1493.45
4/22/2020 15:30:00,9187.3,2799.31,23475.82,8495.38,19429.44,1914.73,23977.32,5770.63,10415.03,1527.63
4/23/2020 15:30:00,9313.9,2797.8,23515.26,8494.75,19262,1889.01,23831.33,5826.61,10513.79,1541.89
4/24/2020 15:30:00,9154.4,2836.74,23775.27,8634.52,19783.22,1922.77,24280.14,5752.23,10336.09,1514.13
4/27/2020 15:30:00,9282.3,2878.48,24133.78,8730.16,19771.19,1934.09,24575.96,5846.79,10659.99,1539.51
4/28/2020 15:30:00,9380.9,2863.39,24101.55,8607.73,20193.69,1947.56,24643.59,5958.5,10795.63,1568.5
4/29/2020 15:30:00,9553.35,2939.51,24633.86,8914.71,20193.69,1895.37,23613.8,6115.25,11107.74,1600.86
4/30/2020 15:30:00,9859.9,2912.43,24345.72,8889.55,19619.35,1895.37,23613.8,5901.21,10861.64,1577.92
5/5/2020 15:30:00,9205.6,2868.44,23883.09,8809.12,19674.77,1928.76,24137.48,5849.42,10729.46,1538.18
5/6/2020 15:30:00,9270.9,2848.42,23664.64,8854.39,19674.77,1928.61,23980.63,5853.76,10606.2,1521.4
5/7/2020 15:30:00,9199.05,2881.19,23875.89,8979.66,20179.09,1945.82,24230.17,5935.98,10759.27,1537.74
5/8/2020 15:30:00,9251.5,2929.8,24331.32,9121.32,20390.66,1935.4,24602.06,5939.73,10904.48,1563.19
5/11/2020 15:30:00,9239.2,2930.32,24221.99,9192.34,20366.48,1922.17,24245.68,5939.73,10824.99,1556.49
5/12/2020 15:30:00,9196.55,2870.12,23764.78,9002.55,20267.05,1940.42,24180.3,5994.77,10819.5,1570.03
5/13/2020 15:30:00,9383.55,2820,23247.97,8863.17,19914.78,1924.96,23829.74,5904.05,10542.66,1522.64
5/14/2020 15:30:00,9142.75,2852.5,23625.34,8943.72,20037.47,1927.28,23797.47,5741.54,10337.02,1476.52
5/15/2020 15:30:00,9136.85,2863.7,23685.42,9014.56,20133.73,1937.11,23934.77,5799.77,10465.17,1493.62
5/18/2020 15:30:00,8823.25,2953.91,24597.37,9234.83,20433.45,1980.61,24388.13,6048.59,11058.87,1566.16
5/19/2020 15:30:00,8879.1,2922.94,24206.86,9185.1,20595.15,1989.64,24399.95,6002.23,11075.29,1560.28
5/20/2020 15:30:00,9066.55,2971.61,24575.9,9375.78,20552.31,1998.31,24280.03,6067.16,11223.71,1556.44
5/22/2020 15:30:00,9039.25,2955.45,24465.16,9324.59,20741.65,1994.6,22952.24,5993.28,11073.87,1555.49
5/26/2020 15:30:00,9029.05,2991.77,24995.11,9340.22,21419.23,2031.2,23301.36,6067.76,11504.65,1606.65
5/27/2020 15:30:00,9314.95,3036.13,25548.27,9412.36,21916.31,2028.54,23132.76,6144.25,11657.69,1623.39
5/28/2020 15:30:00,9490.1,3029.73,25400.64,9368.99,21877.89,2029.6,22961.47,6218.79,11781.13,1657.58
5/29/2020 15:30:00,9580.3,3044.31,25383.11,9489.87,22062.39,2065.08,23732.52,6076.6,11586.85,1629.76
6/2/2020 15:30:00,9979.1,3080.82,25742.65,9608.38,22613.76,2147,24325.62,6220.14,12021.28,1666.98
6/3/2020 15:30:00,10061.55,3122.87,26269.89,9682.91,22695.74,2151.18,24366.3,6382.41,12487.36,1709.96
6/4/2020 15:30:00,10029.1,3112.35,26281.82,9615.81,22863.73,2181.87,24770.41,6341.44,12430.56,1700.48
6/5/2020 15:30:00,10142.15,3193.93,27110.98,9814.08,23178.1,2184.29,24776.77,6484.3,12847.68,1730.51
6/8/2020 15:30:00,10167.45,3232.39,27572.44,9924.75,23091.03,2188.92,25057.22,6472.59,12819.59,1717.66
6/9/2020 15:30:00,10046.65,3207.18,27272.3,9953.75,23124.95,2195.69,25049.73,6335.72,12617.99,1696.7
6/10/2020 15:30:00,10116.15,3190.14,26989.99,10020.35,22472.91,2176.78,24480.15,6329.13,12530.16,1692.32
6/11/2020 15:30:00,9902,3002.1,25128.17,9492.73,22305.48,2132.3,24301.38,6076.7,11970.29,1609.06
6/12/2020 15:30:00,9972.9,3041.31,25605.54,9588.81,21530.95,2030.82,23776.95,6105.18,11949.28,1609.07
6/15/2020 15:30:00,9813.7,3066.59,25763.16,9726.02,22582.21,2138.05,24344.09,6064.7,11911.35,1616.14
6/16/2020 15:30:00,9914,3124.74,26289.98,9895.87,22455.76,2141.05,24481.41,6242.79,12315.66,1671.84
6/17/2020 15:30:00,9881.15,3113.49,26119.61,9910.53,22355.46,2133.48,24464.94,6253.25,12382.14,1677.53
6/18/2020 15:30:00,10091.65,3115.34,26080.1,9943.05,22478.79,2141.32,24643.89,6224.07,12281.53,1667.93
6/22/2020 15:30:00,10311.2,3117.86,26024.96,10056.48,22549.05,2131.24,24907.34,6244.62,12262.97,1657.71
6/23/2020 15:30:00,10471,3131.29,26156.1,10131.37,22534.32,2161.51,24781.58,6320.12,12523.76,1683.36
6/24/2020 15:30:00,10305.3,3050.33,25445.94,9909.17,22259.79,2112.37,24549.99,6123.69,12093.94,1642.91
6/25/2020 15:30:00,10288.9,3083.76,25745.6,10017,22512.08,2134.65,24549.99,6147.14,12177.87,1660.96
6/26/2020 15:30:00,10383,3009.05,25015.55,9757.22,21995.04,2093.48,24301.28,6159.3,12089.39,1657.66
6/29/2020 15:30:00,10312.4,3053.24,25595.8,9874.15,22288.14,2108.33,24427.19,6225.77,12232.12,1671.53
7/1/2020 15:30:00,10430.05,3115.86,25734.97,10154.63,22145.96,2135.37,25124.19,6157.96,12260.57,1675.04
7/2/2020 15:30:00,10551.7,3130.01,25827.36,10207.63,22306.48,2152.41,25373.12,6240.36,12608.46,1703.82
7/3/2020 15:30:00,10607.35,3179.72,26287.03,10433.65,22714.44,2187.93,26339.16,6157.3,12528.18,1730.88
7/6/2020 15:30:00,10763.65,3179.72,26287.03,10433.65,22614.69,2164.17,25975.66,6285.94,12733.45,1730.88
7/7/2020 15:30:00,10799.65,3145.32,25890.18,10343.89,22438.65,2158.88,26129.18,6189.9,12616.8,1720.45
7/8/2020 15:30:00,10705.75,3169.94,26067.28,10492.5,22529.29,2167.9,26210.16,6156.16,12494.81,1712.53
7/9/2020 15:30:00,10813.45,3152.05,25706.09,10547.75,22290.81,2150.25,25727.41,6049.62,12489.46,1697.84
7/10/2020 15:30:00,10768.05,3185.04,26075.3,10617.44,22784.74,2186.06,25772.12,6095.41,12633.71,1711.62
7/15/2020 15:30:00,10618.2,3226.56,26870.1,10550.49,22770.36,2183.76,24970.69,6292.65,12930.98,1767.85
7/16/2020 15:30:00,10739.95,3215.57,26734.71,10473.83,22696.42,2201.19,25089.17,6250.69,12874.97,1754.55
7/17/2020 15:30:00,10901.7,3224.73,26671.95,10503.19,22717.48,2198.2,25057.99,6290.3,12919.61,1770.15
7/20/2020 15:30:00,11022.2,3251.84,26680.87,10767.09,22884.22,2228.83,25635.66,6261.52,13046.92,1784.54
7/21/2020 15:30:00,11162.25,3257.3,26840.4,10680.36,22751.61,2228.66,25057.94,6269.73,13171.83,1775.39
7/22/2020 15:30:00,11132.6,3276.02,27005.84,10706.13,22715.85,2216.19,25263,6207.1,13104.25,1779.85
7/23/2020 15:30:00,11215.45,3235.66,26652.33,10461.42,22715.85,2200.44,24705.33,6211.44,13103.39,1781.1
7/24/2020 15:30:00,11194.15,3215.63,26469.89,10363.18,22715.85,2217.86,24603.26,6123.82,12838.06,1750.24
7/27/2020 15:30:00,11131.8,3239.41,26584.77,10536.27,22657.38,2256.99,24772.76,6104.88,12838.66,1760.31
7/28/2020 15:30:00,11300.55,3218.44,26379.28,10402.09,22397.11,2263.16,24883.14,6129.26,12835.28,1754.25
7/29/2020 15:30:00,11202.85,3258.44,26539.57,10542.94,22339.23,2267.01,24710.59,6131.46,12822.26,1760.58
7/30/2020 15:30:00,11102.15,3246.22,26313.65,10587.81,21710,2249.37,24595.35,5989.99,12379.65,1720.28
7/31/2020 15:30:00,11073.45,3271.12,26428.32,10745.28,22195.38,2251.04,24458.13,5897.76,12313.36,1707.35
8/3/2020 15:30:00,10891.6,3294.61,26664.4,10902.8,22573.66,2279.97,24946.63,6032.85,12646.98,1746.32
8/4/2020 15:30:00,11095.25,3306.51,26828.47,10941.17,22514.85,2311.86,25102.54,6036,12600.87,1734.25
8/5/2020 15:30:00,11101.65,3327.77,27201.52,10998.4,22418.15,2342.61,24930.58,6104.72,12660.25,1745.49
8/6/2020 15:30:00,11200.15,3349.16,27386.98,11108.07,22329.94,2351.67,24531.62,6026.94,12591.68,1739.14
8/7/2020 15:30:00,11214.05,3351.28,27433.48,11010.98,22750.24,2386.38,24377.43,6032.18,12674.88,1740.46
8/10/2020 15:30:00,11270.15,3360.47,27791.44,10968.36,22750.24,2418.67,24890.68,6050.59,12687.53,1748.91
8/14/2020 15:30:00,11178.4,3372.85,27931.02,11019.3,23096.75,2348.24,25347.34,6090.04,12901.34,1754.2
8/17/2020 15:30:00,11247.1,3381.99,27844.91,11129.73,23051.08,2348.24,25367.38,6127.44,12920.66,1773.53
8/18/2020 15:30:00,11385.35,3389.78,27778.07,11210.84,23110.61,2360.54,25178.91,6076.62,12881.76,1760.09
8/19/2020 15:30:00,11408.4,3374.85,27692.88,11146.46,22880.62,2274.22,24791.39,6111.98,12977.33,1775.24
8/20/2020 15:30:00,11312.2,3385.51,27739.73,11264.95,22920.3,2304.59,25113.84,6013.34,12830,1751.93
8/24/2020 15:30:00,11466.45,3431.28,28308.46,11379.72,23296.77,2366.73,25486.22,6104.73,13066.54,1788.4
8/25/2020 15:30:00,11472.25,3443.62,28248.44,11466.47,23290.86,2369.32,25491.79,6037.01,13061.62,1786.27
8/27/2020 15:30:00,11559.25,3484.55,28492.27,11625.34,22882.65,2353.8,25422.06,5999.99,13096.36,1793.97
8/31/2020 15:30:00,11387.5,3500.31,28430.05,11775.46,23138.07,2349.55,25184.85,5862.05,12945.38,1766.33
9/1/2020 15:30:00,11470.25,3526.65,28645.66,11939.67,23247.15,2364.37,25120.09,5862.05,12974.25,1769.44
9/2/2020 15:30:00,11535,3580.84,29100.5,12056.44,23465.53,2395.9,25007.6,5940.95,13243.43,1782.86
9/3/2020 15:30:00,11527.45,3455.06,28292.73,11458.1,23205.43,2368.25,24695.45,5850.86,13057.77,1760.61
9/8/2020 15:30:00,11317.35,3331.84,27500.89,10847.69,23032.54,2375.81,24468.93,5930.3,12968.33,1782.6
9/9/2020 15:30:00,11278,3398.96,27940.47,11141.56,23235.47,2396.48,24313.54,6012.84,13237.21,1812.58
9/10/2020 15:30:00,11449.25,3339.19,27534.58,10919.59,23406.49,2396.69,24503.31,6003.32,13208.89,1802.85
9/11/2020 15:30:00,11464.45,3340.97,27665.64,10853.55,23559.3,2427.91,24640.28,6032.09,13202.84,1801.46
9/14/2020 15:30:00,11440.05,3383.54,27993.33,11056.65,23454.89,2443.58,24732.76,6026.25,13193.66,1802.69
9/15/2020 15:30:00,11521.8,3401.2,27995.6,11190.32,23475.53,2435.92,24725.63,6105.54,13217.67,1818.8
9/16/2020 15:30:00,11604.55,3385.49,28032.38,11050.47,23319.37,2406.17,24340.85,6078.48,13255.37,1838.26
9/17/2020 15:30:00,11516.1,3357.01,27901.98,10910.28,23360.3,2412.4,24455.41,6049.92,13208.12,1833.75
9/18/2020 15:30:00,11504.95,3319.47,27657.42,10793.28,23346.49,2389.39,23950.69,6007.05,13116.25,1835.36
9/21/2020 15:30:00,11250.55,3281.06,27147.7,10778.8,23346.49,2332.59,23716.85,5804.29,12542.44,1770.61
9/22/2020 15:30:00,11153.65,3315.57,27288.18,10963.64,23346.49,2333.24,23742.51,5829.46,12594.39,1781.92
9/23/2020 15:30:00,11131.85,3236.92,26763.13,10632.99,23087.82,2272.7,23311.07,5899.26,12642.97,1795.64
9/24/2020 15:30:00,10805.55,3246.59,26815.44,10672.27,23204.62,2278.79,23235.42,5822.78,12606.57,1777.51
9/25/2020 15:30:00,11050.25,3298.46,27173.96,10913.56,23511.62,2308.08,23476.05,5842.67,12469.2,1783.87
9/28/2020 15:30:00,11227.55,3351.6,27584.06,11117.53,23539.1,2327.89,23275.53,5927.93,12870.87,1834.64
9/29/2020 15:30:00,11222.4,3335.47,27452.66,11085.25,23185.12,2358,23459.05,5897.5,12825.82,1836.6
9/30/2020 15:30:00,11247.55,3363,27781.7,11167.51,23029.9,2358,23767.78,5866.1,12760.73,1829.4
10/1/2020 15:30:00,11416.95,3380.8,27816.9,11326.51,23029.9,2358,23767.78,5879.45,12730.77,1830.04
10/5/2020 15:30:00,11503.35,3408.63,28148.64,11332.49,23433.73,2365.9,23980.65,5942.94,12828.31,1839.68
10/6/2020 15:30:00,11662.4,3360.95,27772.76,11154.6,23422.82,2386.94,24242.86,5949.94,12906.02,1839.15
10/7/2020 15:30:00,11738.85,3419.45,28303.46,11364.6,23647.07,2391.96,24193.35,5946.25,12928.57,1839.22
10/8/2020 15:30:00,11834.6,3446.83,28425.51,11420.98,23619.69,2403.73,24119.13,5978.03,13042.21,1841.4
10/9/2020 15:30:00,11914.2,3477.13,28586.9,11579.94,23558.69,2403.73,24649.68,6016.65,13051.23,1840.07
10/13/2020 15:30:00,11934.5,3511.93,28679.81,11863.9,23626.73,2380.48,24667.09,5969.71,13018.99,1833.46
10/14/2020 15:30:00,11971.05,3488.67,28514,11768.73,23507.23,2361.21,24158.54,5935.06,13028.06,1840.85
10/15/2020 15:30:00,11680.35,3483.34,28494.2,11713.87,23410.63,2341.53,24386.79,5832.52,12703.75,1812.95
10/16/2020 15:30:00,11762.45,3483.81,28606.31,11671.56,23671.13,2346.74,24542.26,5919.58,12908.99,1835.3
10/19/2020 15:30:00,11873.05,3426.92,28195.42,11478.88,23567.04,2358.41,24569.54,5884.65,12854.66,1841.59
10/20/2020 15:30:00,11896.8,3443.12,28308.79,11516.49,23639.46,2370.86,24754.42,5889.22,12736.95,1841.59
10/21/2020 15:30:00,11937.65,3435.56,28210.82,11484.69,23474.27,2355.05,24786.13,5776.5,12557.64,1820.72
10/22/2020 15:30:00,11896.45,3453.49,28363.66,11506.01,23516.59,2360.81,24918.78,5785.65,12543.06,1816.29
10/23/2020 15:30:00,11930.35,3465.39,28335.57,11548.28,23494.34,2343.91,24787.19,5860.28,12645.75,1819.94
10/26/2020 15:30:00,11767.75,3400.97,27685.38,11358.94,23485.8,2330.84,24787.19,5792.01,12177.18,1775.01
10/27/2020 15:30:00,11889.4,3390.68,27463.19,11431.35,23418.51,2345.26,24708.8,5728.99,12063.57,1764.01
10/29/2020 15:30:00,11670.8,3310.11,26659.11,11185.59,22977.13,2267.15,24107.42,5581.75,11598.07,1716.03
10/30/2020 15:30:00,11642.4,3269.96,26501.6,10911.59,23295.48,2300.16,24460.01,5577.27,11556.48,1717.62
11/2/2020 15:30:00,11669.15,3310.24,26925.05,10957.61,23695.23,2343.31,24939.73,5654.97,11788.28,1748.42
11/3/2020 15:30:00,11813.5,3369.16,27480.03,11160.57,23695.23,2357.32,24886.14,5786.77,12088.98,1772.27
11/5/2020 15:30:00,12120.3,3510.45,28390.18,11890.93,24325.23,2416.5,25712.97,5906.18,12568.09,1822.21
11/6/2020 15:30:00,12263.55,3509.44,28323.4,11895.23,24839.84,2447.2,26016.17,5910.02,12480.02,1819.52
11/9/2020 15:30:00,12461.05,3550.5,29157.97,11713.78,24905.59,2452.83,26301.48,6186.29,13095.97,1888.74
11/10/2020 15:30:00,12631.1,3545.53,29420.92,11553.86,25349.6,2485.87,26226.98,6296.85,13163.11,1885.54
11/11/2020 15:30:00,12749.15,3572.66,29397.63,11786.43,25520.88,2475.62,26169.38,6382.1,13216.18,1902.89
11/12/2020 15:30:00,12690.8,3537.01,29080.17,11709.59,25385.87,2493.87,26156.86,6338.94,13052.95,1892.41
11/13/2020 15:30:00,12719.95,3585.15,29479.81,11829.29,25906.93,2543.03,26381.67,6316.39,13076.72,1897.3
11/17/2020 15:30:00,12874.2,3609.53,29783.35,11899.34,25728.14,2545.64,26544.29,6365.33,13133.47,1922.2
11/18/2020 15:30:00,12938.25,3567.79,29438.42,11801.6,25634.34,2547.42,26356.97,6385.24,13201.89,1922.53
11/19/2020 15:30:00,12771.7,3581.87,29483.23,11904.71,25527.37,2553.5,26451.54,6334.35,13086.16,1915.4
11/20/2020 15:30:00,12859.05,3557.54,29263.48,11854.97,26165.59,2602.59,26486.2,6351.45,13137.25,1926.47
11/23/2020 15:30:00,12926.45,3577.59,29591.27,11880.63,26165.59,2617.76,26588.2,6333.84,13126.97,1921.77
11/24/2020 15:30:00,13055.15,3635.41,30046.24,12036.79,26296.86,2601.54,26669.75,6432.17,13292.44,1938.14
11/27/2020 15:30:00,12968.95,3638.35,29910.37,12205.85,26433.62,2591.34,26341.49,6367.58,13335.68,1937.09
12/1/2020 15:30:00,13109.05,3662.45,29823.92,12355.11,26800.98,2675.9,26532.58,6384.73,13382.3,1924
12/2/2020 15:30:00,13113.75,3669.01,29883.79,12349.37,26809.37,2696.22,26728.5,6463.39,13313.24,1918.99
12/3/2020 15:30:00,13133.9,3666.72,29969.52,12377.18,26751.24,2731.45,26835.92,6490.27,13252.86,1912.18
12/4/2020 15:30:00,13258.55,3699.12,30218.26,12464.23,26547.44,2745.44,26506.85,6550.23,13298.96,1916.94
12/7/2020 15:30:00,13355.75,3691.96,30069.79,12519.95,26467.08,2700.93,26304.56,6555.39,13271,1907.61
12/8/2020 15:30:00,13392.95,3702.25,30173.88,12582.77,26817.94,2755.47,26502.84,6558.82,13278.49,1925.5
12/9/2020 15:30:00,13529.1,3672.82,30068.81,12338.95,26756.24,2746.46,26410.59,6564.29,13340.26,1926.42
12/10/2020 15:30:00,13478.3,3668.1,29999.26,12405.81,26652.52,2770.06,26505.87,6599.76,13295.73,1906.82
12/11/2020 15:30:00,13513.85,3663.46,30046.37,12377.87,26732.44,2762.2,26389.52,6546.75,13114.3,1891.22
12/15/2020 15:30:00,13567.85,3694.62,30199.31,12595.06,26757.4,2771.79,26460.29,6513.32,13362.87,1889.84
12/16/2020 15:30:00,13682.7,3701.17,30154.54,12658.19,26806.67,2770.43,26678.38,6570.91,13565.98,1892.26
12/17/2020 15:30:00,13740.7,3722.48,30303.37,12764.75,26763.39,2772.18,26498.6,6551.06,13667.25,1885.18
12/18/2020 15:30:00,13760.55,3709.41,30179.05,12755.64,26714.42,2778.65,26306.68,6529.18,13630.51,1886.88
12/23/2020 15:30:00,13601.1,3690.01,30129.83,12771.11,26668.35,2806.86,26386.56,6495.75,13587.23,1867.99
12/28/2020 15:30:00,13873.2,3735.36,30403.97,12899.42,27568.15,2820.51,26568.49,6602.65,13790.29,1886.38
12/29/2020 15:30:00,13932.6,3727.04,30335.67,12850.22,27444.17,2873.47,27147.11,6602.65,13761.38,1893.06
1/1/2021 15:30:00,14018.5,3700.65,30223.89,12698.45,27258.38,2944.45,27472.81,6571.88,13726.74,1895.49
1/4/2021 15:30:00,14132.9,3700.65,30223.89,12698.45,27158.63,2990.57,27649.86,6571.88,13726.74,1895.49
1/5/2021 15:30:00,14199.5,3726.86,30391.6,12818.96,27055.94,2968.21,27692.3,6612.25,13651.22,1892.35
1/7/2021 15:30:00,14137.35,3803.79,31041.13,13067.48,28139.03,3152.18,27878.22,6856.96,13968.24,1939.49
1/8/2021 15:30:00,14347.25,3824.68,31097.97,13201.98,28164.34,3148.45,27908.22,6873.26,14049.53,1949.37
1/11/2021 15:30:00,14484.75,3799.61,31008.69,13036.43,28164.34,3125.95,28276.75,6798.48,13936.66,1941.49
1/13/2021 15:30:00,14564.85,3809.84,31060.47,13128.95,28698.26,3149.93,28496.86,6745.52,13939.71,1962.26
1/15/2021 15:30:00,14433.7,3768.25,30814.26,12998.5,28242.21,3013.93,28862.77,6735.71,13787.73,1954.71
1/19/2021 15:30:00,14521.15,3798.91,30930.52,13197.18,28523.26,3114.55,29962.47,6712.95,13815.06,1957.85
1/21/2021 15:30:00,14590.35,3853.07,31176.01,13530.92,28631.45,3140.63,29447.85,6715.42,13906.67,1987.26
1/22/2021 15:30:00,14371.9,3841.47,30996.98,13543.06,28822.29,3208.99,30159.01,6695.07,13873.97,1986.24
1/25/2021 15:30:00,14238.9,3855.36,30960,13635.99,28546.18,3140.31,29391.26,6638.85,13643.95,1975.06
1/27/2021 15:30:00,13967.5,3750.77,30303.17,13270.6,28197.42,3069.05,28550.77,6567.37,13620.46,1976.2
1/28/2021 15:30:00,13817.55,3787.38,30603.36,13337.16,27663.39,2976.21,28283.71,6526.15,13665.93,1971.4
1/29/2021 15:30:00,13634.6,3714.24,29982.62,13070.7,28091.05,3056.53,28892.86,6407.46,13432.87,1948.79
2/1/2021 15:30:00,14281.2,3773.86,30211.91,13403.39,28362.17,3096.81,29248.7,6466.42,13622.02,1977.81
2/2/2021 15:30:00,14647.85,3826.31,30687.48,13612.78,28646.5,3129.68,29307.46,6516.65,13835.16,1988.49
2/4/2021 15:30:00,14895.65,3871.74,31055.86,13777.74,28779.19,3120.63,29288.68,6503.72,14060.29,2006.33
2/5/2021 15:30:00,14924.25,3886.83,31148.24,13856.3,29388.5,3091.24,29319.47,6489.33,14056.72,1989.34
2/8/2021 15:30:00,15115.8,3915.59,31385.76,13987.64,29505.93,3084.67,29476.19,6523.53,14059.91,2002.52
2/9/2021 15:30:00,15109.3,3911.23,31375.83,14007.7,29562.93,3100.58,30038.72,6531.56,14011.8,1999.19
2/10/2021 15:30:00,15106.5,3909.88,31437.8,13972.53,29520.07,3147,30173.57,6524.36,13932.97,1998.06
2/11/2021 15:30:00,15173.3,3916.38,31430.7,14025.77,29520.07,3147,30746.66,6528.72,14040.91,2010.07
2/12/2021 15:30:00,15163.3,3934.83,31458.4,14095.47,30084.15,3147,30746.66,6589.79,14049.89,2024.72
2/15/2021 15:30:00,15314.7,3932.59,31522.75,14047.5,30467.75,3163.25,30746.66,6756.11,14109.48,2038.07
2/16/2021 15:30:00,15313.45,3932.59,31522.75,14047.5,30292.19,3133.73,31084.94,6748.86,14064.6,2038.07
2/17/2021 15:30:00,15208.9,3931.33,31613.02,13965.5,30236.09,3086.66,30595.27,6710.9,13909.27,2017.26
2/18/2021 15:30:00,15118.95,3913.97,31493.34,13865.36,30017.92,3107.62,30644.73,6617.15,13886.93,2015.81
2/19/2021 15:30:00,14981.75,3906.71,31494.32,13874.46,30156.03,3079.75,30319.83,6624.02,13993.23,2036.97
2/22/2021 15:30:00,14675.7,3876.5,31521.69,13533.05,29671.7,3070.09,30632.64,6612.24,13950.04,2031.04
2/23/2021 15:30:00,14707.8,3881.37,31537.35,13465.2,29671.7,2994.98,29718.24,6625.94,13864.81,2016.83
2/24/2021 15:30:00,14982,3925.43,31961.86,13597.97,30168.27,3099.69,30074.17,6658.97,13976,2037.25
2/25/2021 15:30:00,15097.35,3829.34,31402.01,13119.43,28966.01,3012.95,28980.21,6651.96,13879.33,2038.93
2/26/2021 15:30:00,14529.15,3811.15,30932.37,13192.35,29663.5,3043.87,29452.57,6483.43,13786.29,2009.9
3/2/2021 15:30:00,14919.1,3870.29,31391.52,13358.79,29559.1,3082.99,29880.42,6613.75,14039.8,2067.1
3/3/2021 15:30:00,15245.6,3819.72,31270.09,12997.75,28930.11,3043.49,29236.79,6675.47,14080.03,2073.78
3/4/2021 15:30:00,15080.75,3768.47,30924.14,12723.47,28864.32,3026.26,29098.29,6650.88,14056.34,2065.15
3/5/2021 15:30:00,14938.1,3841.94,31496.3,12920.15,28743.25,2996.11,28540.83,6630.52,13920.69,2048.57
3/8/2021 15:30:00,14956.2,3821.35,31802.44,12609.16,29027.94,2976.12,28773.23,6719.13,14380.91,2103.1
3/9/2021 15:30:00,15098.4,3875.44,31832.74,13073.83,29036.56,2958.12,28907.52,6730.34,14437.94,2124.85
3/10/2021 15:30:00,15174.8,3898.81,32297.02,13068.83,29211.64,3013.7,29385.61,6725.6,14540.25,2134.46
3/12/2021 15:30:00,15030.95,3943.34,32778.64,13319.87,29766.97,3045.71,28833.76,6761.47,14502.39,2168.96
3/15/2021 15:30:00,14929.5,3968.94,32953.46,13459.71,29921.09,3067.17,29027.69,6749.7,14461.42,2161.83
3/16/2021 15:30:00,14910.45,3962.71,32825.95,13471.57,29914.33,3047.5,29034.12,6803.61,14557.58,2180.14
3/17/2021 15:30:00,14721.3,3974.12,33015.37,13525.2,30216.75,3066.01,29405.72,6762.67,14596.61,2172.86
3/19/2021 15:30:00,14744,3913.1,32627.97,13215.24,29174.15,3035.46,28885.34,6708.71,14621,2169.18
3/22/2021 15:30:00,14736.4,3940.59,32731.2,13377.54,28995.92,3004.74,28497.38,6726.1,14657.21,2174.63
3/23/2021 15:30:00,14814.75,3910.52,32423.15,13227.7,28405.52,2996.35,27918.14,6699.19,14662.02,2168.12
3/24/2021 15:30:00,14549.4,3889.14,32420.06,12961.89,28729.88,3008.33,27899.61,6712.89,14610.39,2184.6
3/25/2021 15:30:00,14324.9,3909.52,32619.48,12977.68,29176.7,3041.01,28336.43,6674.83,14621.36,2173.24
3/26/2021 15:30:00,14507.3,3974.54,33072.88,13138.73,29384.52,3036.04,28338.3,6740.59,14748.94,2198.8
3/30/2021 15:30:00,14845.1,3958.55,33066.96,13045.39,29178.8,3061.42,28378.35,6772.12,15008.61,2205.41
4/1/2021 15:30:00,14867.35,4019.87,33153.21,13480.11,29854,3112.8,28674.8,6737.3,15107.17,2202.61
4/6/2021 15:30:00,14683.5,4073.94,33430.24,13698.38,29730.79,3137.41,28674.8,6823.55,15212.68,2230.25
4/7/2021 15:30:00,14819.05,4079.95,33446.26,13688.84,29708.98,3143.26,29008.07,6885.32,15176.36,2229.56
4/8/2021 15:30:00,14873.8,4097.17,33503.57,13829.31,29768.06,3131.88,28698.8,6942.22,15202.68,2240.4
4/9/2021 15:30:00,14834.85,4128.8,33800.6,13900.19,29538.73,3135.59,28453.28,6915.75,15234.16,2250.4
4/12/2021 15:30:00,14310.8,4127.99,33745.4,13850,29751.61,3169.08,28497.25,6889.12,15215,2233.29
4/13/2021 15:30:00,14504.8,4141.59,33677.27,13996.1,29620.99,3182.38,28900.83,6890.49,15234.36,2247.21
4/15/2021 15:30:00,14581.45,4170.42,34035.99,14038.76,29683.37,3198.62,28969.71,6983.5,15255.33,2242.98
4/16/2021 15:30:00,14617.85,4185.47,34200.67,14052.34,29685.37,3198.84,29106.15,7019.53,15459.75,2280.5
4/19/2021 15:30:00,14359.45,4163.26,34077.63,13914.77,29100.38,3220.7,29135.73,7000.08,15368.39,2257.6
4/20/2021 15:30:00,14296.4,4134.94,33821.3,13786.27,28508.55,3171.66,28621.92,6859.87,15129.51,2204.81
4/22/2021 15:30:00,14406.15,4134.98,33815.9,13818.41,29020.63,3186.1,29078.75,6938.24,15320.52,2232.42
4/23/2021 15:30:00,14341.35,4180.17,34043.49,14016.81,29126.23,3217.53,28952.83,6938.56,15279.62,2240.95
4/26/2021 15:30:00,14485,4187.62,33981.57,14138.78,28991.89,3215.42,28941.54,6963.12,15296.34,2244.36
4/27/2021 15:30:00,14653.05,4186.72,33984.93,14090.22,29053.97,3181.47,29071.34,6944.97,15249.27,2262.84
4/28/2021 15:30:00,14864.55,4183.18,33820.38,14051.03,28812.63,3174.07,29303.26,6963.67,15292.18,2239.25
4/29/2021 15:30:00,14894.9,4211.47,34060.36,14082.55,28812.63,3147.86,28724.88,6961.48,15154.2,2232.84
4/30/2021 15:30:00,14631.1,4181.17,33874.85,13962.68,29331.37,3127.2,28357.54,6969.81,15135.91,2217.02
5/3/2021 15:30:00,14634.15,4192.66,34113.23,13895.12,29331.37,3147.37,28557.14,6923.17,15236.47,2231.59
5/4/2021 15:30:00,14496.5,4164.66,34133.03,13633.5,29331.37,3178.74,28417.98,6923.17,14856.48,2194.58
5/5/2021 15:30:00,14617.85,4167.59,34230.34,13582.43,29331.37,3178.74,28637.46,7039.3,15170.78,2255.49
5/6/2021 15:30:00,14724.8,4201.62,34548.53,13632.84,29357.82,3197.2,28610.65,7076.17,15196.74,2246.61
5/7/2021 15:30:00,14823.15,4232.6,34777.76,13752.24,29518.34,3249.3,28595.66,7129.71,15399.65,2260.13
5/11/2021 15:30:00,14850.75,4152.1,34269.16,13389.43,28147.51,3161.66,28231.04,6947.99,15119.75,2193.76
5/12/2021 15:30:00,14696.5,4063.04,33587.66,13031.68,27448.01,3122.11,27718.67,7004.63,15150.22,2205.8
5/14/2021 15:30:00,14677.8,4173.85,34382.13,13429.98,27824.83,3134.52,28194.09,7043.61,15416.64,2247.88
5/17/2021 15:30:00,14923.15,4163.29,34327.79,13379.05,28406.84,3173.05,28593.81,7032.85,15396.62,2230.4
5/18/2021 15:30:00,15108.1,4127.83,34060.66,13303.64,28044.45,3162.28,28450.29,7034.24,15386.58,2249.68
5/19/2021 15:30:00,15030.15,4115.68,33896.04,13299.74,28098.25,3162.28,28450.29,6950.2,15113.56,2201.51
5/20/2021 15:30:00,14906.05,4159.12,34084.15,13535.74,28317.83,3156.42,28458.44,7019.79,15370.26,2240.28
5/21/2021 15:30:00,15175.3,4155.86,34207.84,13470.99,28364.61,3144.3,28412.26,7018.05,15437.51,2240.84
5/25/2021 15:30:00,15208.45,4188.13,34312.46,13657.17,28642.19,3168.43,29166.01,7029.79,15465.09,2243.17
5/26/2021 15:30:00,15301.45,4195.99,34323.05,13738,28549.01,3165.51,29113.2,7026.93,15450.72,2227.07
5/27/2021 15:30:00,15337.85,4200.88,34464.64,13736.28,29149.41,3188.73,29124.41,7019.67,15406.73,2244.46
5/28/2021 15:30:00,15435.65,4204.11,34529.45,13748.74,28860.08,3203.92,29151.8,7022.61,15519.98,2255.45
5/31/2021 15:30:00,15582.8,4202.04,34575.31,13736.48,28814.34,3221.87,29468,7080.46,15421.13,2264.53
6/1/2021 15:30:00,15574.85,4202.04,34575.31,13736.48,28946.14,3224.23,29297.62,7080.46,15567.36,2264.53
6/2/2021 15:30:00,15576.2,4208.12,34600.38,13756.33,29058.11,3247.43,28966.03,7108,15602.71,2268.8
6/3/2021 15:30:00,15690.35,4192.85,34577.04,13614.51,28941.52,3240.08,28918.1,7064.35,15632.67,2273.35
6/4/2021 15:30:00,15670.25,4229.89,34756.39,13814.49,29019.24,3252.12,28787.28,7069.04,15692.9,2271.43
